{"cameraMode":{"drawMode":0,"name":"Shaded","section":"Shading Mode"},"sceneLighting":true,"audioPlay":false,"sceneViewState":{"showFog":true,"showMaterialUpdate":false,"showSkybox":true,"showFlares":true,"showImageEffects":true,"showParticleSystems":true},"in2DMode":false,"pivot":{"x":584.4823608398438,"y":324.772216796875,"z":-59.073272705078128},"rotation":{"x":-0.012304622679948807,"y":-0.027897149324417115,"z":0.0003433574456721544,"w":-0.9995346069335938},"size":358.839111328125,"orthographic":false}